{"cameraMode":{"drawMode":0,"name":"Shaded","section":"Shading Mode"},"sceneLighting":true,"audioPlay":false,"sceneViewState":{"showFog":true,"showMaterialUpdate":false,"showSkybox":true,"showFlares":true,"showImageEffects":true,"showParticleSystems":true},"in2DMode":false,"pivot":{"x":18.154855728149415,"y":0.3000212013721466,"z":16.5135555267334},"rotation":{"x":0.1553942859172821,"y":0.34738093614578249,"z":-0.05849062278866768,"w":0.9229108691215515},"size":8.53012752532959,"orthographic":false}