{"cameraMode":{"drawMode":0,"name":"Shaded","section":"Shading Mode"},"sceneLighting":true,"audioPlay":false,"sceneViewState":{"showFog":true,"showMaterialUpdate":false,"showSkybox":true,"showFlares":true,"showImageEffects":true,"showParticleSystems":true},"in2DMode":false,"pivot":{"x":19.5096378326416,"y":2.4704816341400148,"z":17.56511688232422},"rotation":{"x":-0.07208147644996643,"y":0.341983437538147,"z":-0.026316197589039804,"w":-0.9365845918655396},"size":5.623814105987549,"orthographic":false}